<?xml version="1.0" encoding="utf-8"?>
<odoo>
    <template id="bag_warehouse_search" name="Bag Custom Search Layout" inherit_id="website.website_search_box" active="True">
        <xpath expr="//input[@name='search']" position="attributes">
            <attribute name="t-att-data-search-type">search_type</attribute>
            <attribute name="t-att-data-limit">limit or '5'</attribute>
            <attribute name="t-att-data-display-image">display_image or 'true'</attribute>
            <attribute name="t-att-data-display-description">display_description or 'true'</attribute>
            <attribute name="t-att-data-display-extra-link">display_extra_link or 'true'</attribute>
            <attribute name="t-att-data-display-detail">display_detail or 'true'</attribute>
            <attribute name="t-att-data-order-by">order_by or 'name asc'</attribute>
        </xpath>
        <xpath expr="//div[@role='search']" position="attributes">
            <attribute name="t-attf-class" remove="s_searchbar_input" separator=" "/>
        </xpath>
        <xpath expr="//div[@role='search']" position="replace">
            <form t-attf-class="o_searchbar_form o_wait_lazy_js s_searchbar_input #{_form_classes}" t-att-action="action" method="get" t-attf-data-snippet="s_searchbar_input">
                <t>$0</t>
                <input name="order" type="hidden" class="o_search_order_by" t-att-value="order_by if order_by else 'name asc'"/>
                <t t-out="0"/>
            </form>
        </xpath>
    </template>
    <template id="bag_warehouse_product" name="Bag Custom Search Layout" active="True">
        <!-- <xpath expr="//form" position="replace"> -->
            <t t-set="product_href" t-value="keep(product.website_url, page=(pager['page']['num'] if pager['page']['num']&gt;1 else None))" />

            <t t-set="combination_info" t-value="product._get_combination_info(only_template=True, add_qty=add_qty or 1, pricelist=pricelist)"/>
            <form action="/shop/cart/update" method="post" class="col-xl-4 col-md-6 col-sm-6 infinite-item">
                <div class="tp-product-item-2 mb-40">
                    <div class="tp-product-thumb-2 p-relative z-index-1 fix w-img" style="height: 300px;width: 280px;">
                        <a class="o_product_link css_editable_mode_hidden" t-att-href="product_href">
                            <t t-set="image_holder" t-value="product._get_image_holder()"/>
                            <span t-field="image_holder.image_1920"
                                t-options="{'widget': 'image', 'max-width': '282', 'max-height': '300', 'preview_image': 'image_1024' if product_image_big else 'image_256', 'itemprop': 'image'}"
                                class="d-flex h-100 justify-content-center align-items-center"/>
                        </a>
                        <div class="tp-product-action-2 tp-product-action-blackStyle">
                            <div class="tp-product-action-item-2 d-flex flex-column">
                                <div class="o_wsale_product_btn pl-2">
                                    <t t-set="product_variant_id" t-value="product._get_first_possible_variant_id()"/>
                                    <input name="product_id" t-att-value="product_variant_id" type="hidden"/>
                                    <t t-if="product_variant_id">
                                        <a href="#" role="button" class="btn btn-primary a-submit" aria-label="Shopping cart" title="Shopping cart">
                                            <span class="fa fa-shopping-cart"/>
                                        </a>
                                    </t>
                                     <button t-if="product_variant_id" type="button" role="button" class="d-none d-md-inline-block btn btn-outline-primary bg-white o_add_compare" title="Compare" aria-label="Compare" t-att-data-product-product-id="product_variant_id" data-action="o_comparelist">
                                        <span class="fa fa-exchange"></span>
                                    </button>
                                    <t t-set="in_wish" t-value="product._is_in_wishlist()"/>
                                    <!-- <button t-if="product_variant_id" type="button" role="button" class="btn btn-outline-primary bg-white o_add_wishlist" t-att-disabled='in_wish or None' title="Add to Wishlist" t-att-data-product-template-id="product.id" t-att-data-product-product-id="product_variant_id" data-action="o_wishlist">
                                        <span class="fa fa-heart" role="img" aria-label="Add to wishlist"></span>
                                    </button> -->
                                </div>
                            </div>
                        </div>
                    </div>
                    <div class="tp-product-content-2 pt-15">
                        <!-- <div class="tp-product-tag-2">
                            <a href="#">Whitetails Store</a>
                        </div> -->
                        <h3 class="tp-product-title-2">
                            <a class="text-primary text-decoration-none" itemprop="name" t-att-href="product_href" t-att-content="product.name" t-field="product.name" />
                            <a role="button" t-if="not product.website_published" t-att-href="product_href" class="btn btn-sm btn-danger" title="This product is unpublished.">Unpublished</a>
                        </h3>
                        <!-- <div class="tp-product-rating-icon tp-product-rating-icon-2">
                            <span><i class="fa-solid fa-star"></i></span>
                            <span><i class="fa-solid fa-star"></i></span>
                            <span><i class="fa-solid fa-star"></i></span>
                            <span><i class="fa-solid fa-star"></i></span>
                            <span><i class="fa-solid fa-star"></i></span>
                        </div> -->
                        <div class="tp-product-price-wrapper-2">
                            <span class="h5" t-if="combination_info['price']" t-esc="combination_info['price']" t-options="{'widget': 'monetary', 'display_currency': website.currency_id}"/>
                            <del t-attf-class="text-danger ml-1 h6 {{'' if combination_info['has_discounted_price'] else 'd-none'}}" style="white-space: nowrap;" t-esc="combination_info['list_price']" t-options="{'widget': 'monetary', 'display_currency': website.currency_id}" />
                            <span itemprop="price" style="display:none;" t-esc="combination_info['price']" />
                            <span itemprop="priceCurrency" style="display:none;" t-esc="website.currency_id.name" />
                        </div>
                    </div>
                </div>
            </form>
        <!-- </xpath> -->
    </template>
</odoo>