<?xml version="1.0" encoding="utf-8"?>
<odoo>
    <data noupdate="1">
        <record id="product_delivery_charge" model="product.product">
            <field name="name">Delivery Charge</field>
            <field name="categ_id" ref="point_of_sale.product_category_pos"/>
            <field name="standard_price">0.00</field>
            <field name="list_price">0.00</field>
            <field name="detailed_type">service</field>
            <field name="available_in_pos">True</field>
            <field name="taxes_id" eval="False"/>
        </record>
        <record id="product_zone_charge" model="product.product">
            <field name="name">Zone Charge</field>
            <field name="categ_id" ref="point_of_sale.product_category_pos"/>
            <field name="standard_price">0.00</field>
            <field name="list_price">0.00</field>
            <field name="detailed_type">service</field>
            <field name="available_in_pos">True</field>
            <field name="taxes_id" eval="False"/>
        </record>
    </data>
    <data noupdate="1">
        <record id="delivery_charge_delivery_carrier" model="delivery.carrier">
            <field name="name">Delivery Charges</field>
            <field name="fixed_price">0.0</field>
            <field name="amount">0</field>
            <field name="sequence">1</field>
            <field name="delivery_type">fixed</field>
            <field name="is_published">True</field>
            <field name="product_id" ref="pragmatic_odoo_delivery_boy.product_delivery_charge"/>
        </record>
        <record id="zone_charge_delivery_carrier" model="delivery.carrier">
            <field name="name">Zone Charges</field>
            <field name="fixed_price">0.0</field>
            <field name="amount">0</field>
            <field name="sequence">1</field>
            <field name="delivery_type">fixed</field>
            <field name="is_published">True</field>
            <field name="product_id" ref="pragmatic_odoo_delivery_boy.product_zone_charge"/>
        </record>
    </data>
</odoo>