<?xml version="1.0" encoding="utf-8"?>
<odoo>
    <data noupdate="0">

        <record id="sale_confirmation_email_template" model="mail.template">
            <field name="name">Sale Order: Confirmed</field>
            <field name="model_id" ref="sale.model_sale_order"/>
            <field name="subject">Order Confirmed</field>
            <field name="email_from">"${object.company_id.name | safe}" &lt;${(object.company_id.email or user.email) | safe}&gt;</field>
            <field name="email_to">${object.partner_id.email | safe}</field>
            <field name="body_html" type="html">
                <table border="0" cellpadding="0" cellspacing="0" style="padding-top: 16px; background-color: #F1F1F1; font-family:Verdana, Arial,sans-serif; color: #454748; width: 100%; border-collapse:separate;">
                    <tr>
                        <td align="center">
                            <table border="0" cellpadding="0" cellspacing="0" width="590" style="padding: 16px; background-color: white; color: #454748; border-collapse:separate;">
                                <tbody>
                                    <!-- HEADER -->
                                    <tr>
                                        <td align="center" style="min-width: 590px;">
                                            <table border="0" cellpadding="0" cellspacing="0" width="590" style="min-width: 590px; background-color: white; padding: 0px 8px 0px 8px; border-collapse:separate;">
                                                <tr>
                                                    <td valign="middle">
                                                        <span style="font-size: 10px;">Order Confirmed</span><br/>
                                                        <span style="font-size: 20px; font-weight: bold;">
                                                            <t t-out="object.name or ''">SO000</t>
                                                        </span>
                                                    </td>
                                                    <td valign="middle" align="right">
                                                        <img t-attf-src="/logo.png?company={{ object.user_id.company_id.id }}" style="padding: 0px; margin: 0px; height: auto; width: 80px;" t-att-alt="object.user_id.company_id.name"/>
                                                    </td>
                                                </tr>
                                                <tr>
                                                    <td colspan="2" style="text-align:center;">
                                                        <hr width="100%" style="background-color:rgb(204,204,204);border:medium none;clear:both;display:block;font-size:0px;min-height:1px;line-height:0; margin: 16px 0px 16px 0px;"/>
                                                    </td>
                                                </tr>
                                            </table>
                                        </td>
                                    </tr>
                                    <!-- CONTENT -->
                                    <tr>
                                        <td align="center" style="min-width: 590px;">
                                            <table border="0" cellpadding="0" cellspacing="0" width="590" style="min-width: 590px; background-color: white; padding: 0px 8px 0px 8px; border-collapse:separate;">
                                                <tr>
                                                    <td valign="top" style="font-size: 13px;">
                                                        <div>
                                                            Dear  <t t-out="object.partner_id.name or ''"/>, <br /><br />
                                                            This is to notify you that your order with Reference <b><t t-out="object.name or ''">SO000</t></b> has been Confirmed
                                                            <br /><br />
                                                            <div style="text-align: center; margin: 16px 0px 16px 0px;">
                                                                <a style="background-color: #9621B7; padding: 8px 16px 8px 16px; text-decoration: none; color: #fff; border-radius: 5px; font-size:13px;" t-attf-href="{{ object.tracking_url }}" >Track Order</a><br/>
                                                            </div><br />
                                                            Thank you!<br />
                                                            --<br/>Regards
                                                        </div>
                                                    </td>
                                                </tr>
                                                <tr>
                                                    <td style="text-align:center;">
                                                        <hr width="100%" style="background-color:rgb(204,204,204);border:medium none;clear:both;display:block;font-size:0px;min-height:1px;line-height:0; margin: 16px 0px 16px 0px;"/>
                                                    </td>
                                                </tr>
                                            </table>
                                        </td>
                                    </tr>
                                    <!-- FOOTER -->
                                    <tr>
                                        <td align="center" style="min-width: 590px;">
                                            <table border="0" cellpadding="0" cellspacing="0" width="590" style="min-width: 590px; background-color: white; font-size: 11px; padding: 0px 8px 0px 8px; border-collapse:separate;">
                                                <tr><td valign="middle" align="left">
                                                    <t t-out="object.company_id.name or ''">YourCompany</t>
                                                </td></tr>
                                                <tr><td valign="middle" align="left" style="opacity: 0.7;">
                                                    <t t-out="object.company_id.phone or ''">+1 650-123-4567</t>
                                                    <t t-if="object.company_id.email">
                                                        | <a t-attf-href="'mailto:%s' % {{ object.company_id.email }}" style="text-decoration:none; color: #454748;"><t t-out="object.company_id.email or ''">info@yourcompany.com</t></a>
                                                    </t>
                                                    <t t-if="object.company_id.website">
                                                        | <a t-attf-href="'%s' % {{ object.company_id.website }}" style="text-decoration:none; color: #454748;">
                                                            <t t-out="object.company_id.website or ''">http://www.example.com</t>
                                                        </a>
                                                    </t>
                                                </td></tr>
                                            </table>
                                        </td>
                                    </tr>
                                </tbody>
                            </table>
                        </td>
                    </tr>
                    <!-- POWERED BY -->
                </table>
            </field>
            <field name="lang">{{ object.partner_id.lang }}</field>
            <field name="auto_delete" eval="True"/>
        </record>

    </data>
</odoo>
