<?xml version="1.0" encoding="utf-8"?>
<odoo>
    <data>
        <record id="project_project_6" model="project.project">
            <field name="date_start" eval="(DateTime.today() + relativedelta(months=-2)).strftime('%Y-%m-%d 10:00:00')"/>
            <field name="date" eval="(DateTime.today() + relativedelta(days=-5)).strftime('%Y-%m-%d 17:00:00')"/>
            <field name="name">Tour &amp; Travel Forms</field>
            <field name="description">Tour &amp; Travel website Forms.</field>
            <field name="color">4</field>
            <field name="user_id" ref="base.user_admin"/>
            <field name="favorite_user_ids" eval="[Command.link(ref('base.user_admin'))]"/>
            <field name="privacy_visibility">employees</field>
        </record>
    </data>
</odoo>
