<?xml version="1.0" encoding="utf-8"?>
<odoo>
    <record id="delivery_acknowledgement_email_template" model="mail.template">
        <field name="name">Delivery Acknowledgement Mail</field>
        <field name="model_id" ref="pragmatic_delivery_acknowledgement.model_picking_order"/>
        <field name="subject">Delivery Acknowledgement Code for Order No {{object.sale_order.name or '' }}</field>
        <field name="email_from">{{object.sale_order.user_id.email_formatted or ''}}</field>
        <field name="email_to">{{object.sale_order.partner_id.email_formatted}}</field>
        <field name="body_html"></field>
        <field name="auto_delete" eval="False"/>
    </record>

    <record id="delivery_completed_email_template" model="mail.template">
        <field name="name">Appreciation Mail</field>
        <field name="model_id" ref="pragmatic_odoo_delivery_boy.model_sale_order"/>
        <field name="subject">Appreciation email for Order No {{object.name or '' }}</field>
        <field name="email_from">{{object.user_id.email_formatted or ''}}</field>
        <field name="email_to">{{object.partner_id.email_formatted}}</field>
        <field name="body_html" type="html">
            <div>
                <p>Dear customer,</p>
                <p> Thanks for choosing to shop with us <strong t-out="object.partner_id.name or ''"></strong>. We do hope you had a great shopping experience</p>
                <p>you can reach out to us on 08181575752</p>
            </div>
        </field>
        <field name="auto_delete" eval="False"/>
    </record>
</odoo>
