id,name,model_id:id,group_id:id,perm_read,perm_write,perm_create,perm_unlink
-access_store_configuration_user,access_store_configuration_user,model_store_configuration,stock.group_stock_user,1,1,1,1
-access_driver_wallet_user,access_driver_wallet_user,model_driver_wallet,stock.group_stock_user,1,1,1,1
-access_driver_boy_store_configuration_user,driver.boy.store,model_delivery_boy_store,stock.group_stock_user,1,1,1,1
-access_driver_boy_tracking_user,driver.boy.tracking,model_delivery_boy_tracking,stock.group_stock_user,1,1,1,1
-access_driver_boy_log_user,driver.boy.log,model_delivery_boy_log,stock.group_stock_user,1,1,1,1
-access_driver_boy_status_user,driver.boy.status,model_delivery_boy_status,stock.group_stock_user,1,1,1,1
