id,name,model_id:id,group_id:id,perm_read,perm_write,perm_create,perm_unlink
access_product_product_mobile_driver,product.product.mobile.driver,product.model_product_product,pragmatic_odoo_delivery_boy.group_pragtech_driver,1,1,0,0
access_picking_order_mobile_driver,picking.order,pragmatic_odoo_delivery_boy.model_picking_order,pragmatic_odoo_delivery_boy.group_pragtech_driver,1,1,0,0
access_account_move_mobile_driver,account.move,account.model_account_move,pragmatic_odoo_delivery_boy.group_pragtech_driver,1,1,0,0
access_account_move_line_mobile_driver,account.move.line,account.model_account_move_line,pragmatic_odoo_delivery_boy.group_pragtech_driver,1,1,0,0
access_account_payment_mobile_driver,account.payment,account.model_account_payment,pragmatic_odoo_delivery_boy.group_pragtech_driver,1,1,0,0
access_stock_picking_mobile_driver,stock.picking,stock.model_stock_picking,pragmatic_odoo_delivery_boy.group_pragtech_driver,1,1,0,0
access_pos_payment_mobile_driver,pos.payment,point_of_sale.model_pos_payment,pragmatic_odoo_delivery_boy.group_pragtech_driver,1,1,0,0
access_sale_order_line_mobile_driver,sale.order.line,sale.model_sale_order_line,pragmatic_odoo_delivery_boy.group_pragtech_driver,1,1,0,0
access_sale_order_mobile_driver,sale.order,sale.model_sale_order,pragmatic_odoo_delivery_boy.group_pragtech_driver,1,1,0,0
access_pos_order_mobile_driver,pos.order,point_of_sale.model_pos_order,pragmatic_odoo_delivery_boy.group_pragtech_driver,1,1,0,0
access_stock_warehouse_driver_portal,stock.warehouse.driver portal,pragmatic_delivery_control_app.model_stock_warehouse_driver,pragmatic_odoo_delivery_boy.group_pragtech_driver,1,1,0,0
