<?xml version="1.0" encoding="UTF-8"?>

<templates>
    <t t-extend="KanbanView.buttons" t-name="pragmatic_auto_reload_records.KanbanRefreshButton">
       <t t-jquery="button" t-operation="after">
           <button type="button" id="refresh-button" class="btn btn-primary refresh_kanban_action fa fa-refresh" title="Refresh" style="margin-left: 500px !important;"></button>
       </t>
    </t>
    <!-- <t t-name="web.KanbanView.Buttons" t-inherit="web.KanbanView.Buttons" t-inherit-mode="primary" owl="1">
        <xpath expr="//*[@class='btn btn-primary o-kanban-button-new']" position="after">
            <t t-call="pragmatic_auto_reload_records.KanbanRefreshButton"/>
        </xpath>
    </t> -->
    <!-- <t t-name="pragmatic_auto_reload_records.KanbanRefreshButton" owl="1">
        <button type="button" id="refresh-button" class="btn btn-primary refresh_kanban_action fa fa-refresh" title="Refresh" style="margin-left: 500px !important;"></button>
    </t> -->
</templates>