<?xml version="1.0" encoding="utf-8"?>
<odoo>
    <template id="bag_warehouse_shop" name="Bag Custom Shop Layout" inherit_id="website_sale.products" active="True">
    <xpath expr="//t[@t-call='website.layout']" position="replace">
        <!-- pre loader area start -->
        
        <!-- pre loader area end -->

        <t t-call="website.layout">
            <t t-set="additional_title">Shop</t>
            <div id="wrap" class="js_sale">
                <style>
                    a.text-primary:hover, a.text-primary:focus {
                        color: #e00d7e !important;
                    }
                    .text-primary {
                        color: black !important;
                        font-family: sans-serif !important;
                        font-weight: 400 !important;
                    }
                    .custom-control-label:hover {
                        color: #e00d7e !important;
                    }
                    .custom-control-input:checked ~ .custom-control-label {
                        &amp;::after {
                            background-color: #e00d7e;
                        }
                    }
                    .custom-radio > .custom-control-input:checked ~ .custom-control-label {
                        &amp;::after {
                            border-radius: 50% !important;
                        }
                    }
                </style>
                <div class="oe_structure oe_empty oe_structure_not_nearest" id="oe_structure_website_sale_products_1"/>
                <div class="container oe_website_sale pt-2">
                    <div class="row o_wsale_products_main_row">
                        <t t-set="enable_left_column" t-value="True"/>
                        <div t-if="enable_left_column" id="products_grid_before" class="col-lg-3 pb-2" style="margin-top: 5%;">
                            <div class="products_categories mb-lg-3">
                                <button type="button" class="btn btn-light d-lg-none mb-2 w-100 p-0"
                                    data-target="#wsale_products_categories_collapse" data-toggle="collapse">
                                    Show categories
                                </button>
                                <div class="collapse d-lg-block" id="wsale_products_categories_collapse">
                                    <strong class="o_categories_collapse_title text-uppercase">Categories</strong>
                                    <ul class="nav flex-column my-2">
                                        <form>
                                            <li class="nav-item">
                                                <div t-att-data-link-href="keep('/shop', category=0)" class="custom-control custom-radio mb-1 d-inline-block">
                                                    <input type="radio" style="pointer-events:none;" class="custom-control-input o_not_editable" t-att-id="all_products" t-att-value="all_products" t-att-checked="'true' if not category else None"/>
                                                    <label class="custom-control-label font-weight-normal" t-att-for="all_products">All Products</label>
                                                </div>
                                            </li>
                                            <t t-foreach="categories" t-as="c">
                                                <t t-call="website_sale.categories_recursive" />
                                            </t>
                                        </form>
                                    </ul>
                                </div>
                            </div>
                            <div class="products_attributes_filters">
                                <button type="button" class="btn btn-light d-lg-none mb-2 w-100 p-0"
                                    data-target="#wsale_products_attributes_collapse" data-toggle="collapse">
                                    Show options
                                </button>
                                <div class="collapse d-lg-block" id="wsale_products_attributes_collapse">
                                    <form class="js_attributes mb-2" method="get">
                                        <input t-if="category" type="hidden" name="category" t-att-value="category.id" />
                                        <input type="hidden" name="search" t-att-value="search" />
                                        <input type="hidden" name="order" t-att-value="order"/>
                                        <a t-if="attrib_values" t-att-href="keep('/shop'+ ('/category/'+slug(category)) if category else None, attrib=0)" class="btn btn-link p-0">
                                            <i class="fa fa-eraser mr-1"/><u>Clear filters</u>
                                        </a>
                                        <ul class="nav flex-column">
                                            <t t-foreach="attributes" t-as="a">
                                                <li t-if="a.value_ids and len(a.value_ids) &gt; 1" class="nav-item mb-2">
                                                    <div>
                                                        <strong t-field="a.name" class="o_products_attributes_title text-uppercase d-block my-2"/>
                                                    </div>
                                                    <t t-if="a.display_type == 'select'">
                                                        <select class="custom-select css_attribute_select" name="attrib">
                                                            <option value="" />
                                                            <t t-foreach="a.value_ids" t-as="v">
                                                                <option t-att-value="'%s-%s' % (a.id,v.id)" t-esc="v.name" t-att-selected="v.id in attrib_set" />
                                                            </t>
                                                        </select>
                                                    </t>
                                                    <t t-if="a.display_type == 'radio' or a.display_type == 'pills'">
                                                        <div class="flex-column">
                                                            <t t-foreach="a.value_ids" t-as="v">
                                                                <div class="custom-control custom-checkbox mb-1">
                                                                    <input type="checkbox" name="attrib" class="custom-control-input" t-att-id="'%s-%s' % (a.id,v.id)" t-att-value="'%s-%s' % (a.id,v.id)" t-att-checked="'checked' if v.id in attrib_set else None"/>
                                                                    <label class="custom-control-label font-weight-normal" t-att-for="'%s-%s' % (a.id,v.id)" t-field="v.name"/>
                                                                </div>
                                                            </t>
                                                        </div>
                                                    </t>
                                                    <t t-if="a.display_type == 'color'">
                                                        <t t-foreach="a.value_ids" t-as="v">
                                                            <label t-attf-style="background-color:#{v.html_color or v.name}" t-attf-class="css_attribute_color #{'active' if v.id in attrib_set else ''}">
                                                                <input type="checkbox" name="attrib" t-att-value="'%s-%s' % (a.id,v.id)" t-att-checked="'checked' if v.id in attrib_set else None" t-att-title="v.name" />
                                                            </label>
                                                        </t>
                                                    </t>
                                                </li>
                                            </t>
                                        </ul>
                                    </form>
                                </div>
                            </div>
                            <!-- <div t-if="available_min_price != available_max_price" id="o_wsale_price_range_option">
                                <label>Price</label>
                                <input type="range" multiple="multiple" class="custom-range range-with-input"
                                    t-att-data-currency="pricelist.currency_id.symbol"
                                    t-att-data-currency-position="pricelist.currency_id.position"
                                    t-att-step="pricelist.currency_id.rounding" t-att-min="'%f' % (available_min_price)"
                                    t-att-max="'%f' % (available_max_price)" t-att-value="'%f,%f' % (min_price, max_price)"/>
                            </div> -->
                        </div>
                        <div id="products_grid" t-attf-class="col #{'o_wsale_layout_list' if layout_mode == 'list' else ''}">
                            <t t-call="website_sale.products_breadcrumb">
                                <t t-set="_classes" t-valuef="w-100"/>
                            </t>
                            <!-- breadcrumb area start -->
                            <section class="breadcrumb__area include-bg pt-50 pb-50">
                                <div class="container">
                                <div class="row">
                                    <div class="col-xxl-12">
                                    <div class="breadcrumb__content p-relative z-index-1">
                                        <h3 class="breadcrumb__title">Shop Grid</h3>
                                        <div class="breadcrumb__list">
                                        <span><a href="#">Home</a></span>
                                        <span>Shop Grid</span>
                                        </div>
                                    </div>
                                    </div>
                                </div>
                                </div>
                            </section>
                            <!-- breadcrumb area end -->

                            <div class="products_header form-inline flex-md-nowrap justify-content-end mb-4">
                                <t t-call="website_sale.search">
                                    <t t-set="_classes" t-valuef="w-100 w-md-auto mr-auto mb-2"/>
                                    <t t-set="search" t-value="original_search or search"/>
                                </t>
                                <t t-call="website_sale.pricelist_list">
                                    <t t-set="_classes" t-valuef="ml-3 mb-2"/>
                                </t>
                            </div>
                            <div t-if="original_search and bins" class="alert alert-warning mt8">
                                No results found for '<span t-esc="original_search"/>'. Showing results for '<span t-esc="search"/>'.
                            </div>
                            <t t-if="category">
                                <t t-set='editor_msg'>Drag building blocks here to customize the header for "<t t-esc='category.name'/>" category.</t>
                                <div class="mb16" id="category_header" t-att-data-editor-message="editor_msg" t-field="category.website_description"/>
                            </t>
                            <div t-if="bins" class="tp-shop-items-wrapper tp-shop-item-primary">
                                <div class="tab-content" id="productTabContent">
                                    <div
                                        class="tab-pane fade show active"
                                        id="grid-tab-pane"
                                        role="tabpanel"
                                        aria-labelledby="grid-tab"
                                        tabindex="0"
                                        >
                                        <div class="row infinite-container">

                                            <tr t-foreach="bins" t-as="tr_product">
                                                <t t-foreach="tr_product" t-as="td_product">
                                                    <t t-if="td_product">
                                                        <t t-set="product" t-value="td_product['product']" />
                                                        <!-- We use t-attf-class here to allow easier customization -->
                                                        <td t-att-colspan="td_product['x'] != 1 and td_product['x']"
                                                            t-att-rowspan="td_product['y'] != 1 and td_product['y']"
                                                            t-attf-class="oe_product"
                                                            t-att-data-ribbon-id="td_product['ribbon'].id">
                                                            <!-- <div t-attf-class="o_wsale_product_grid_wrapper o_wsale_product_grid_wrapper_#{td_product['x']}_#{td_product['y']}"> -->
                                                                <t t-call="bag_warehouse_website.bag_warehouse_product">
                                                                    <t t-set="product_image_big" t-value="td_product['x'] + td_product['y'] &gt; 2"/>
                                                                </t>
                                                            <!-- </div> -->
                                                        </td>
                                                    </t>
                                                    <td t-else=""/>
                                                </t>
                                            </tr>
                                        </div>
                                    </div>
                                </div>
                            </div>
                            <t t-else="">
                                <div class="text-center text-muted mt128 mb256">
                                    <t t-if="not search">
                                        <h3 class="mt8">No product defined</h3>
                                        <p t-if="category">No product defined in category "<strong t-esc="category.display_name"/>".</p>
                                    </t>
                                    <t t-else="">
                                        <h3 class="mt8">No results</h3>
                                        <p>No results for "<strong t-esc='search'/>"<t t-if="category"> in category "<strong t-esc="category.display_name"/>"</t>.</p>
                                    </t>
                                    <p t-ignore="true" groups="sales_team.group_sale_manager">Click <i>'New'</i> in the top-right corner to create your first product.</p>
                                </div>
                            </t>
                            <div class="products_pager form-inline justify-content-center py-3">
                                <t t-call="website.pager"/>
                            </div>
                        </div>
                    </div>
                </div>
                <div class="oe_structure oe_empty oe_structure_not_nearest" id="oe_structure_website_sale_products_2"/>
            </div>
        </t>
    </xpath>
    </template>
</odoo>
