<?xml version="1.0" encoding="utf-8"?>
<odoo>
    <record id="delivery_acknowledgement_email_template" model="mail.template">
        <field name="name">Delivery Acknowledgement Mail</field>
        <field name="model_id" ref="pragmatic_delivery_acknowledgement.model_picking_order"/>
        <field name="subject">Delivery Acknowledgement Code for Order No {{object.sale_order.name or '' }}</field>
        <field name="email_from">{{object.sale_order.user_id.email_formatted or ''}}</field>
        <field name="email_to">{{object.sale_order.partner_id.email_formatted}}</field>
        <field name="body_html" type="html">
            <table border="0" cellpadding="0" cellspacing="0" style="padding-top: 16px; background-color: #F1F1F1; font-family:Verdana, Arial,sans-serif; color: #454748; width: 100%; border-collapse:separate;"><tr><td align="center">
            <table border="0" cellpadding="0" cellspacing="0" width="590" style="padding: 16px; background-color: white; color: #454748; border-collapse:separate;">
                <tbody>
                    <!-- HEADER -->
                    <tr>
                        <td align="center" style="min-width: 590px;">
                            <table border="0" cellpadding="0" cellspacing="0" width="590" style="min-width: 590px; background-color: white; padding: 0px 8px 0px 8px; border-collapse:separate;">
                                <tr><td valign="middle">
                                    <t t-set="company" t-value="object.sale_order.company_id or object.sale_order.user_id.company_id or user.company_id"/>
                                    <span style="font-size: 13px;">Dear <t t-esc="object.sale_order.partner_id.name"/>,</span><br/>
                                    <!-- <span style="font-size: 20px; font-weight: bold;" t-out="object.name or ''">S00060</span> -->
                                </td><td valign="middle" align="right">
                                    <img t-attf-src="/logo.png?company={{ company.id }}" style="padding: 0px; margin: 0px; height: auto; width: 80px;" t-att-alt="company.name"/>
                                </td></tr>
                                <tr><td colspan="2" style="text-align:center;">
                                <hr width="100%" style="background-color:rgb(204,204,204);border:medium none;clear:both;display:block;font-size:0px;min-height:1px;line-height:0; margin:16px 0px 16px 0px;"/>
                                </td></tr>
                            </table>
                        </td>
                    </tr>
                    <!-- CONTENT -->
                    <tr>
                        <td align="center" style="min-width: 590px;">
                            <table border="0" cellpadding="0" cellspacing="0" width="590" style="min-width: 590px; background-color: white; padding: 0px 8px 0px 8px; border-collapse:separate;">
                                <tr><td valign="top" style="font-size: 13px;">
                                    <!-- <h1 style="color:#A9A9A9;">THERE'S SOMETHING IN YOUR CART.</h1> -->
                                    This is to confirm that we have received your order. We will process and dispatch within 48 hours.<br/>
                                    Otherwise we will reach out to you. Find the details below<br/><br/>
                                    <t t-if="object.sale_order.order_line">
                                        <t t-foreach="object.sale_order.order_line" t-as="line">
                                            <hr/>
                                            <table width="100%">
                                                <tr>
                                                    <td style="padding: 10px; width:150px;">
                                                        <img t-attf-src="/web/image/product.product/{{ line.product_id.id }}/image_128" style="width: 100px; height: 100px; object-fit: contain;" alt="Product image"></img>
                                                    </td>
                                                    <td>
                                                        <strong t-out="line.product_id.display_name or ''">[FURN_7800] Desk Combination</strong><br/><t t-out="line.name or ''">[FURN_7800] Desk Combination Desk combination, black-brown: chair + desk + drawer.</t>
                                                    </td>
                                                    <td width="100px" align="right">
                                                        <t t-out="int(line.price_subtotal) or ''">10000</t> ₦
                                                    </td>
                                                </tr>
                                            </table>
                                        </t>
                                        <hr/>
                                    </t>
                                    <div style="text-align: center; padding: 16px 0px 16px 0px; font-size: 14px;">
                                        <a t-attf-href="{{ object.get_base_url() }}/my/orders/{{ object.sale_order.id }}"
                                            target="_blank"
                                            style="background-color: #875A7B; padding: 8px 16px 8px 16px; text-decoration: none; color: #fff; border-radius: 5px; font-size:13px;">
                                            Track order
                                        </a>
                                    </div>
                                    <t t-if="object.sale_order.payment_term_id.name != 'Pay with delivery'">
                                        <div style="text-align: center;"><strong>Your Order delivery acknowledge code is <t t-out="object.customer_code or ''"></t>. However, you are required to pay the total sum stated above to the Delivery Agent upon delivery. Thank you for shopping with <t t-out="company.name or ''">My Company (San Francisco)</t></strong></div>
                                    </t>
                                    <t t-else="">
                                        <div style="text-align: center;"><strong>Your Order delivery acknowledge code is <t t-out="object.customer_code or ''"></t>.Thank you for shopping with <t t-out="company.name or ''">My Company (San Francisco)</t></strong></div>
                                    </t>
                                </td></tr>
                                <tr><td style="text-align:center;">
                                <hr width="100%" style="background-color:rgb(204,204,204);border:medium none;clear:both;display:block;font-size:0px;min-height:1px;line-height:0; margin: 16px 0px 16px 0px;"/>
                                </td></tr>
                            </table>
                        </td>
                    </tr>
                </tbody>
            </table>
            </td></tr>
            </table>
        </field>
        <field name="auto_delete" eval="False"/>
    </record>

    <record id="delivery_completed_email_template" model="mail.template">
        <field name="name">Appreciation Mail</field>
        <field name="model_id" ref="pragmatic_odoo_delivery_boy.model_sale_order"/>
        <field name="subject">Appreciation email for Order No {{object.name or '' }}</field>
        <field name="email_from">{{object.user_id.email_formatted or ''}}</field>
        <field name="email_to">{{object.partner_id.email_formatted}}</field>
        <field name="body_html" type="html">
            <div>
                <p>Dear customer,</p>
                <p> Thanks for choosing to shop with us <strong t-out="object.partner_id.name or ''"></strong>. We do hope you had a great shopping experience</p>
                <p>you can reach out to us on 08181575752</p>
            </div>
        </field>
        <field name="auto_delete" eval="False"/>
    </record>
</odoo>
