<?xml version="1.0" encoding="utf-8" ?>
<odoo>
    <data noupdate="0">
       <record id="group_pragtech_driver" model="res.groups">
            <field name="name">Dispatch Driver</field>
        </record>

        <record id="deliveryman_product_rule_group_readonly" model="ir.rule">
            <field name="name">Access Products</field>
            <field name="model_id" ref="product.model_product_product"/>
            <field name="domain_force">[(1, '=', 1)]</field>
            <field name="groups" eval="[(4, ref('group_pragtech_driver'))]"/>
            <field name="perm_write" eval="True"/>
            <field name="perm_create" eval="True"/>
            <field name="perm_unlink" eval="True"/>
            <field name="perm_read" eval="True"/>
        </record>

        <record id="deliveryman_template_rule_group_readonly" model="ir.rule">
            <field name="name">Access Products Temps</field>
            <field name="model_id" ref="product.model_product_template"/>
            <field name="domain_force">[(1, '=', 1)]</field>
            <field name="groups" eval="[(4, ref('group_pragtech_driver'))]"/>
            <field name="perm_write" eval="True"/>
            <field name="perm_create" eval="True"/>
            <field name="perm_unlink" eval="True"/>
            <field name="perm_read" eval="True"/>
        </record>

        <record id="deliveryman_discuss_rule_group_not" model="ir.rule">
            <field name="name">Access Mail</field>
            <field name="model_id" ref="mail.model_mail_channel"/>
            <field name="domain_force">[(1, '=', 1)]</field>
            <field name="groups" eval="[(4, ref('group_pragtech_driver'))]"/>
            <field name="perm_write" eval="False"/>
            <field name="perm_create" eval="False"/>
            <field name="perm_unlink" eval="True"/>
            <field name="perm_read" eval="False"/>
        </record>
    </data>
</odoo>