<?xml version="1.0" encoding="utf-8" ?>
<odoo>
    <data noupdate="0">
        	<record id="menu_delivery_management" model="website.menu">
        		<field name="name">MANAGE DELIVERY</field>
               <field name="url">/page/manage/delivery</field>
               <field name="parent_id" ref="website.main_menu"/>
               <field name="sequence" type="int">20</field>
               <field name="group_ids" eval="[(4, ref('pragmatic_delivery_control_app.group_delivery_control_app_manager'))]"/>
        	</record>

        <record id="menu_route_mao" model="website.menu">
            <field name="name">Delivery Route</field>
            <field name="url">/page/route/map</field>
            <field name="parent_id" ref="website.main_menu"/>
            <field name="sequence" type="int">20</field>
        </record>
    </data>
</odoo>