<?xml version="1.0" encoding="utf-8" ?>
<odoo>
    <data>
        <!--    <record id="menu_driver_job_list" model="website.menu">-->
        <!--        <field name="name">Job List</field>-->
        <!--        <field name="url">/page/job/list</field>-->
        <!--        <field name="parent_id" ref="website.main_menu"/>-->
        <!--        <field name="sequence" type="int">20</field>-->
        <!--    </record>-->

        <record id="menu_driver_open_job" model="website.menu">
            <field name="name">Open Jobs</field>
            <field name="url">/page/job/list/driver</field>
<!--            <field name="parent_id" ref="pragmatic_odoo_delivery_boy.menu_driver_job_list_driver"/>-->
            <field name="sequence" type="int">21</field>
        </record>

        <record id="menu_driver_closed_job" model="website.menu">
            <field name="name">Completed Jobs/ Orders</field>
            <field name="url">/page/job/list/driver/paid</field>
<!--            <field name="parent_id" ref="pragmatic_odoo_delivery_boy.menu_driver_job_list_driver"/>-->
            <field name="sequence" type="int">22</field>
        </record>

        <record id="menu_driver_rejected_job" model="website.menu">
            <field name="name">Rejected Jobs/ Orders</field>
            <field name="url">/page/job/list/driver/reject</field>
<!--            <field name="parent_id" ref="pragmatic_odoo_delivery_boy.menu_driver_job_list_driver"/>-->
            <field name="sequence" type="int">23</field>
        </record>

        <record id="admin_delivery_routes" model="website.menu">
            <field name="name">Admin Delivery Routes</field>
            <field name="url">/admin/delivery/routes</field>
            <field name="parent_id" ref="website.main_menu"/>
            <field name="sequence" type="int">20</field>
        </record>

        <record id="action_driver_open_job" model="ir.actions.act_url">
            <field name="name">Open Jobs</field>
            <field name="target">self</field>
            <field name="url">/page/job/list/driver</field>
        </record>

<!--        <record id="customer_delivery_routes" model="website.menu">-->
<!--            <field name="name">Customer Delivery Routes</field>-->
<!--            <field name="url">/customer/delivery/routes</field>-->
<!--            <field name="parent_id" ref="website.main_menu"/>-->
<!--            <field name="sequence" type="int">20</field>-->
<!--        </record>-->

<!--         <record id="menu_customer_job_list" model="website.menu">-->
<!--            <field name="name">My Orders</field>-->
<!--            <field name="url">/page/job/list/customer</field>-->
<!--            <field name="parent_id" ref="website.main_menu"/>-->
<!--            <field name="sequence" type="int">20</field>-->

<!--        </record>-->

<!--        <record id="customer_delivery_routes" model="website.menu">-->
<!--            <field name="name">Customer Delivery Routes</field>-->
<!--            <field name="url">/customer/delivery/routes</field>-->
<!--            <field name="parent_id" ref="website.main_menu"/>-->
<!--            <field name="sequence" type="int">20</field>-->
<!--        </record>-->
    </data>
</odoo>