<?xml version="1.0" encoding="utf-8"?>
<odoo>
    <record id="website.contactus_thanks" model="website.page">
        <field name="name">Thanks (Contact us)</field>
        <field name="type">qweb</field>
        <field name="url">/contactus-thank-you</field>
        <field name="website_indexed" eval="False"/>
        <field name="is_published">True</field>
        <field name="key">website.contactus_thanks</field>
        <field name="arch" type="xml">
            <t name="Thanks (Contact us)" t-name="website.contactus_thanks">
                <t t-call="website.layout">
                    <div id="wrap" class="oe_structure oe_empty">
                        <style>
                            #wrapwrap > main {
                                margin-top: -58px;
                            }
                        </style>
                        <section class="s_text_block s_cover parallax s_parallax_is_fixed pt40 pb40 o_colored_level " data-snippet="s_text_block">
                            <span class="s_parallax_bg oe_img_bg" style="background-image: url('/web/image/website/1/background1'); background-position: 50% 0;"/>
                            <div class="o_we_bg_filter bg-black-50"/>
                            <div class="container s_allow_columns">
                                <div class="row" style="margin-top: 7%;color: white;">
                                    <div class="col-lg-7 col-xl-6 me-lg-auto">
                                        <span class="d-block fa fa-4x fa-thumbs-up mx-auto rounded-circle bg-primary"/><br/>
                                        <h1 class="text-center">Thank You!</h1>
                                        <div class="pb16 pt16 s_hr" data-snippet="s_hr" data-name="Separator">
                                            <hr class="mx-auto border-top w-50 border-dark text-center"/>
                                        </div>
                                        <h5 class="text-center">
                                            <span class="fa fa-check-circle"/>
                                            <span>Your submition has been sent <b>successfully</b></span>
                                        </h5>
                                        <p class="text-center">We will get back to you shortly.</p>
                                    </div>
                                    <div class="col-lg-4">
                                        <ul class="list-unstyled mb-0 ps-2">
                                            <li>My Company</li>
                                            <li><i class="fa fa-map-marker fa-fw me-2"/><span class="o_force_ltr">3575 Fake Buena Vista Avenue</span></li>
                                            <li><i class="fa fa-phone fa-fw me-2"/><span class="o_force_ltr">+1 (650) 555-0111</span></li>
                                            <li><i class="fa fa-1x fa-fw fa-envelope me-2"/><span>info@yourcompany.example.com</span></li>
                                        </ul>
                                    </div>
                                </div>
                            </div>
                        </section>
                    </div>
                    <input t-if='website.plausible_shared_key' type='hidden' class='js_plausible_push' data-event-name='Lead Generation' data-event-params='{"CTA": "Contact Us"}' />
                </t>
            </t>
        </field>
    </record>
</odoo>