<?xml version="1.0" encoding="UTF-8"?>
<odoo>
    <data>

        <record id="seq_product_code" model="ir.sequence">
            <field name="name">Product Code</field>
            <field name="code">product.code</field>
            <!-- <field name="prefix">/%(year)s/</field> -->
            <field name="padding">8</field>
            <field name="company_id" eval="False"/>
        </record>

        <record id="seq_product_product_code" model="ir.sequence">
            <field name="name">Product Code</field>
            <field name="code">product.product.code</field>
            <!-- <field name="prefix">/%(year)s/</field> -->
            <field name="padding">8</field>
            <field name="company_id" eval="False"/>
        </record>

    </data>
</odoo>