<?xml version="1.0" encoding="utf-8"?>
<odoo>
    <record id="accountant_bagwarehouse" model="res.groups">
        <field name="name">Accounting</field>
        <!-- <field name="category_id" ref="sales_team.group_sale_manager"/> -->
        <field name="implied_ids" eval="[(4, ref('sales_team.group_sale_manager')), (4, ref('base.group_user')), (4, ref('stock.group_stock_user')), (4, ref('account.group_account_manager'))]"/>
    </record>

    <record id="floor_manager_bagwarehouse" model="res.groups">
        <field name="name">Floor Manager</field>
        <field name="implied_ids" eval="[(4, ref('sales_team.group_sale_salesman_all_leads')), (4, ref('pragmatic_delivery_control_app.group_delivery_control_app_manager')), (4, ref('stock.group_stock_user'))]"/>
    </record>
    <record id="assistant_online_sales_bagwarehouse" model="res.groups">
        <field name="name">Assistant online sales</field>
        <field name="implied_ids" eval="[(4, ref('sales_team.group_sale_manager')), (4, ref('base.group_user')), (4, ref('stock.group_stock_user')), (4, ref('pragmatic_delivery_control_app.group_delivery_control_app_manager'))]"/>
    </record>
    <record id="website_bagwarehouse" model="res.groups">
        <field name="name">Website</field>
        <field name="implied_ids" eval="[(4, ref('stock.group_stock_manager')), (4, ref('website.group_website_publisher')), (4, ref('sales_team.group_sale_manager')), (4, ref('pragmatic_delivery_control_app.group_delivery_control_app_manager'))]"/>
    </record>
    <record id="front_desk_bagwarehouse" model="res.groups">
        <field name="name">Front desk</field>
        <field name="implied_ids" eval="[(4, ref('stock.group_stock_user')), (4, ref('sales_team.group_sale_manager')), (4, ref('point_of_sale.group_pos_user'))]"/>
    </record>
    <record id="jewelry_attendance_bagwarehouse" model="res.groups">
        <field name="name">Jewelry Attendance</field>
        <field name="implied_ids" eval="[(4, ref('stock.group_stock_user')), (4, ref('sales_team.group_sale_manager'))]"/>
    </record>
    <record id="attendance_bagwarehouse" model="res.groups">
        <field name="name">Attendance</field>
        <field name="implied_ids" eval="[(4, ref('stock.group_stock_user'))]"/>
    </record>
    <record id="online_sales_bagwarehouse" model="res.groups">
        <field name="name">Online sales</field>
        <field name="implied_ids" eval="[(4, ref('sales_team.group_sale_manager')), (4, ref('base.group_user')), (4, ref('stock.group_stock_user')), (4, ref('pragmatic_delivery_control_app.group_delivery_control_app_manager'))]"/>
    </record>
    <record id="store_keeping_bagwarehouse" model="res.groups">
        <field name="name">Store keeping</field>
        <field name="implied_ids" eval="[(4, ref('stock.group_stock_manager'))]"/>
    </record>
    <record id="dispatch_bagwarehouse" model="res.groups">
        <field name="name">Dispatch</field>
        <field name="implied_ids" eval="[(4, ref('pragmatic_delivery_control_app.group_delivery_control_app_user')), (4, ref('pragmatic_odoo_delivery_boy.group_pragtech_driver'))]"/>
    </record>
</odoo>