<?xml version="1.0" encoding="UTF-8"?>
<templates id="template" xml:space="preserve">
    <div t-name="MapView.MapView" class="o_map_container">
         <div class="o_map_view"></div>
        <span class="btn slider-controller fa fa-arrow-circle-right" id="show-slider">
        </span>
        <div class="container mapController">
            <div class="row">
                <div class="col">
                    <label>Driver</label>
                    <select class="form-control" id="driver_selection" multiple="multiple">
                        <option value="all">
                            Select All
                        </option>
                        <t t-foreach="widget.driver" t-as="e">
                            <t t-if="widget.getState(e.id)">
                                <option selected="1" t-att-value="e.id">
                                    <t t-esc="e.name"/>
                                </option>
                            </t>
                            <t t-else="1">
                                <option t-att-value="e.id">
                                    <t t-esc="e.name"/>
                                </option>
                            </t>
                        </t>
                    </select>
                </div>
            </div>
            <div class="row date-controller" t-if="!widget.live_mode">
                 <div class="col">
                     <label>From Date</label>
                     <input type="date" id="action_date_from" class="form-control"
                     t-att-value="widget.state.context.previous_state &amp;&amp; widget.state.context.previous_state[0] || ''"
                     />
                </div>
                <div class="col">
                     <label>To Date</label>
                     <input type="date" id="action_date_to" class="form-control"
                     t-att-value="widget.state.context.previous_state &amp;&amp; widget.state.context.previous_state[0] || ''"
                     />
                </div>
            </div>
            <div class="row animation-controller" t-if="!widget.live_mode">
                <div class="col-2">
                    <button class='play_pause'/>
                </div>
                <div class="col-10">
                    <input type="range" min="0" value="0" step="1"
                           class="form-control" id="map_slider"/>
                    <output name="rangeVal">50</output>
                </div>
            </div>
            <div class="row animation-speed-controller" t-if="!widget.live_mode">
               <div class="input-group col-6">
                   <span class="input-group-btn">
                    <button class="btn btn-white btn-minus" type="button">-</button>
                   </span>
                   <input type="text" class="form-control no-padding add-speed text-center height-25"
                          maxlength="4"
                          t-att-value="widget.speed"/>
                   <span class="input-group-btn">
                       <button class="btn btn-red btn-plus" type="button">+</button>
                   </span>
               </div>
                <div class="input-group col-6">
                    Speed In KM/H
                </div>
            </div>
            <div class="row" style="bottom:-40%;position:relative">
                <div class="col-3">
                    <button class="btn btn-danger" id="hide-slider">Hide</button>
                </div>
                <div class="col-3">
                    <button t-if="widget.live_mode" class="btn btn-danger active" id="toggle-live-mode">
                        Live Mode
                    </button>
                    <button t-else="!widget.live_mode" class="btn btn-primary" id="toggle-live-mode">
                        Live Mode
                    </button>
                </div>
            </div>
        </div>
    </div>
    <t t-name="MapView.MapViewGroupInfo">
        <ul t-if="widget.groups">
            <t t-foreach="widget.groups" t-as="group">
                <li>
                    <img t-att-src="group.marker"/>
                    <span class="title">
                        <t t-esc="group.title"/>
                    </span>
                    <span class="total">
                        <t t-esc="group.count"/>
                    </span>
                </li>
            </t>
        </ul>
    </t>
    <t t-name="MapView.buttons">
        <div class="o_list_buttons">
            <div class="o_form_marker_buttons_actions">
                <t t-if="widget.is_action_enabled('create')">
                    <button type="button" class="btn btn-primary o-map-button-new" accesskey="c">
                        <t t-esc="create_text || _t('Create')"/>
                    </button>
                </t>
                <button type="button" class="btn btn-secondary o-map-button-center-map">
                    <t t-esc="_t('Center Map')"/>
                </button>
            </div>
            <div class="o_form_marker_buttons_edit o_hidden">
                <button type="button" class="btn btn-primary o-map-button-marker-save">
                    <t t-esc="_('Save')"/>
                </button>
                <button type="button" class="btn btn-secondary o-map-button-marker-discard">
                    <t t-esc="_('Discard')"/>
                </button>
            </div>
        </div>
    </t>
    <t t-name="FormView.marker_edit_button">
        <t t-if="widget.is_action_enabled('edit')">
            <button type="button" class="btn btn-secondary o-map-button-marker-edit o_hidden">
                <t t-esc="_('Edit Geolocation')"/>
            </button>
        </t>
    </t>
</templates>
