<?xml version="1.0" encoding="UTF-8"?>
<templates id="point_of_sale.template" xml:space="preserve">

        <t t-name="OrderReceipt" t-inherit="point_of_sale.OrderReceipt" t-inherit-mode="extension" owl="1">
                <xpath expr="//img[hasclass('pos-receipt-logo')]" position="after">
                    <div style="width: 20%;float: left; ">
                                <t t-if='imageUrl'>
                                    <img t-att-src="imageUrl" style="width:100%"/>
                                </t>
                                <t t-else=''>
                                    <img src='/web/binary/company_logo' style="width:100%"/>
                                </t>
                    </div>
                    <div>
                    <t t-if="props.order.pos.config.name">
                            <div style="width:100%;text-align:right;"><t t-esc="props.order.pos.config.name"/></div>
                    </t>
                    </div>
                </xpath>
        </t>

</templates>
