<?xml version="1.0" encoding="utf-8"?>
<odoo>
    <template id="bag_warehouse_cart" name="Bag Warehouse Cart" inherit_id="website_sale.cart" active="True">
        <xpath expr="//t[@t-call='website.layout']" position="replace">
            <t t-call="website.layout">
                <div id="wrap">
                    <div class="container oe_website_sale py-2">
                        <div class="row">
                            <div class="col-12">
                                <t t-call="website_sale.wizard_checkout">
                                    <t t-set="step" t-value="10" />
                                </t>
                            </div>
                            <div class="col-12 col-xl-8 oe_cart">
                                <div class="row">
                                    <div class="col-lg-12">
                                        <div t-if="abandoned_proceed or access_token" class="mt8 mb8 alert alert-info" role="alert"> <!-- abandoned cart choices -->
                                            <t t-if="abandoned_proceed">
                                                <p>Your previous cart has already been completed.</p>
                                                <p t-if="website_sale_order">Please proceed your current cart.</p>
                                            </t>
                                            <t t-if="access_token">
                                                <p>This is your current cart.</p>
                                                <p>
                                                    <strong><a t-attf-href="/shop/cart/?access_token=#{access_token}&amp;revive=squash">Click here</a></strong> if you want to restore your previous cart. Your current cart will be replaced with your previous cart.</p>
                                                <p>
                                                    <strong><a t-attf-href="/shop/cart/?access_token=#{access_token}&amp;revive=merge">Click here</a></strong> if you want to merge your previous cart into current cart.
                                                </p>
                                            </t>
                                        </div>
                                        <t t-call="website_sale.cart_lines" />
                                        <div class="clearfix" />
                                        <a role="button" href="/shop" class="btn btn-secondary mb32 d-none d-xl-inline-block">
                                            <span class="fa fa-chevron-left" />
                                            <span class="">Continue Shopping</span>
                                        </a>
                                        <a role="button" t-if="website_sale_order and website_sale_order.website_order_line" class="btn btn-primary float-right d-none d-xl-inline-block" href="/shop/checkout?express=1">
                                            <span class="">Process Checkout</span>
                                            <span class="fa fa-chevron-right" />
                                        </a>
                                        <div class="oe_structure" id="oe_structure_website_sale_cart_1"/>
                                    </div>
                                </div>
                            </div>
                            <div class="col-12 col-xl-4" id="o_cart_summary">
                                <t t-call="website_sale.short_cart_summary"/>
                                <div class="d-xl-none mt8">
                                    <a role="button" href="/shop" class="btn btn-secondary mb32">
                                        <span class="fa fa-chevron-left" />
                                        Continue<span class="d-none d-md-inline"> Shopping</span>
                                    </a>
                                    <a role="button" t-if="website_sale_order and website_sale_order.website_order_line" class="btn btn-primary float-right" href="/shop/checkout?express=1">
                                        <span class="">Process Checkout</span>
                                        <span class="fa fa-chevron-right" />
                                    </a>
                                </div>
                            </div>
                        </div>
                    </div>
                    <div class="oe_structure" id="oe_structure_website_sale_cart_2"/>
                </div>
            </t>
        </xpath>
    </template>