<?xml version="1.0" encoding="UTF-8"?>
<templates id="template" xml:space="preserve">

    <t t-name="ShowHomeDeliveryButton" owl="1">
        <div class='control-button js_home_delivery'>
            <i class='fa fa-tag' /> Home Delivery
        </div>
    </t>

    <t t-name="HomeDeliveryOrderPopup" owl="1">
        <div role="dialog" class="modal-dialog">
            <!--<Draggable>-->
                <div class="popup" t-attf-style="height:auto; margin-top:{{ state.addressChecked ? '100px;' : '-50px;' }}">
                    <header class="title drag-handle" style="background-color: #14e871;">
                        <t t-esc="props.title" />
                    </header>
                    <div class="body div">
                        <p class="text-muted">
                            <t t-esc="props.body" />
                        </p>
                        <div class='control-button address_button needsclick' style="background-color: #e03a57; margin-top: 13px; width: 146px; color:#fff;"
                        t-on-click="trigger('click-address-button')">
                            ADDRESS
                        </div>
                        <div class='control-button other_info_button needsclick' style="width: 146px;"
                        t-on-click="trigger('click-other-info')">
                            OTHER INFO
                        </div>
                        <div class="default_shipping_address" id="default_shipping_address" t-if="state.addressSection">
                            <h6>By Default Shipped To Selected Customer Address</h6>
                            <div class="checkbox">
                                <label><input type="checkbox" id="address_checkbox" t-name="checkboxAddress"
                                              t-model="state.addressChecked" t-ref="checkboxAddress" />
                                <h6>Ship to Different Address</h6></label>
                            </div>
                        </div>

                        <div class="error error-message" t-if="state.isError">
                            All fields with '*' indicator are required.
                        </div>

                        <div class='customer-details-box' id="customer-shipping-address" t-if="state.addressChecked &amp;&amp; state.addressSection"
                             style="display: ruby-base-container;font-size: 50%;">
                            <div class='customer-details-left'>
                                <div class="form-group">
                                    <label class='label' style="font-size: initial;margin-right: 5px;padding-right: 3px;">Name*</label>
                                    <input t-model="state.custName" type="text" t-ref="custName" class='form-control detail customer-address-name clear-input'
                                           style="min-height: revert;padding: 7px;" name='customer_name'  placeholder='Name'/>
                                </div><br></br>
                                <div class="form-group">
                                    <label class='label' style="font-size: initial;margin-right: 5px;padding-right: 3px;">Mobile*</label>
                                    <input t-model="state.custMobile" type="tel" class='form-control detail customer-address-mobile clear-input' style="min-height: revert;padding: 7px;" name='mobile' placeholder='Mobile'></input>
                                </div><br></br>
                                <div class="form-group">
                                    <label class='label' style="font-size: initial;margin-right: 5px;padding-right: 3px;">Email*</label>
                                    <input t-model="state.custEmail" type="email" class='form-control detail customer-address-email clear-input' style="min-height: revert;padding: 7px;"  name='email' placeholder='Email'></input>
                                </div><br></br>
                                <div class="form-group">
                                    <label class='label' style="font-size: 14px;margin-right: 5px;padding-right: 3px;">Locality*</label>
                                    <input t-model="state.custLocality" type="text" class='form-control detail customer-address-locality clear-input' style="min-height: revert;padding: 7px;"  name='locality' placeholder='Locality'></input>
                                </div><br></br>
                                 <div class="form-group">
                                    <label class='label' style="font-size: initial;">Street</label>
                                    <input t-model="state.custStreet" type="text" class='form-control detail customer-address-street clear-input' style="min-height: revert;padding: 7px;" name="street" placeholder='Street'></input>
                                </div><br></br>
                                 <div class="form-group">
                                    <label class='label' style="font-size: initial;margin-right: 5px;padding-right: 3px;">City*</label>
                                    <input t-model="state.custCity" type="text" class='form-control detail customer-address-city clear-input'   style="min-height: revert;padding: 7px;" name="city" placeholder='City'></input>
                                </div><br></br>
                                 <div class="form-group">
                                    <label class='label' style="font-size: initial;margin-right: 5px;padding-right: 3px;">Zip*</label>
                                    <input t-model="state.custZip" type="text" class='form-control detail customer-address-zip clear-input'  style="min-height: revert;padding: 7px;"  name='zip' placeholder='Zip'></input>
                                </div>
                            </div>
                        </div>

                        <div class="delivery-details-box" t-if="!state.addressSection" id="other_information_div">
                            <h3>Other Information</h3>
                            <div class="other_info delivery_person" style="text-align:left;">
                                <label class='label'>Delivery Person</label>
                                <select class='detail delivery_person' t-model="state.deliveryPerson" name='delivery_person' id="delivery_person">
                                    <option value=''>Set Delivery Person</option>
                                    <t t-foreach='props.usersList' t-as='user' t-key="user.id">
                                        <option t-att-value='user.id' t-att-selected="user.id">
                                            <t t-esc='user.name'/>
                                        </option>
                                    </t>
                                </select>
                            </div>
                            <div class="other_info delivery time" style="text-align: left;">
                                <label class='label' style="width: 17%; float: left; text-align: right; padding-right: 11px; margin-top: 17px;">Date</label>
                                <input t-model="state.custDeliveryTime" t-att-value="state.custDeliveryTime" type="datetime-local" id="delivery_datetime" name="delivery_datetime"/>
                            </div><br />
                            <div class="other_info delivery_note">
                                <input t-model="state.custDeliveryNote" style="width:100%;" type="text" id="delivery_note" placeholder="Add Delivery Note" name="order_note"/>
                            </div>
                        </div>
                    </div>
                    <footer class="footer">
                        <div class="button confirm" t-on-click="confirm">
                            <t t-esc="props.confirmText" />
                        </div>
                        <div class="button cancel" t-on-click="cancel">
                            <t t-esc="props.cancelText" />
                        </div>
                        <div class="button clear">
                            <t t-esc="props.clearText" />
                        </div>
                    </footer>

                </div>
            <!--</Draggable>-->

        </div>
    </t>

    <!-- PosReceipt-->
    <t t-name="OrderReceipt" t-inherit="point_of_sale.OrderReceipt" t-inherit-mode="extension" owl="1">
        <xpath expr="//div[hasclass('pos-receipt-contact')]" position="before">
            <t t-if="env.pos.delivery_details">
                <div class="delivery_details">
                    <br />
                    <h3>Delivery Info:</h3>
                    Name: <t t-esc="env.pos.delivery_details.customer_name || env.pos.get_order().get_client().name || ''"/><br />
                    Mobile: <t t-esc="env.pos.delivery_details.phone || env.pos.get_order().get_client().phone ||''"/><br />

                    <t t-if="env.pos.delivery_person_name != ''">
                        Delivery Person: <t t-esc="env.pos.delivery_person_name || ''"/><br />
                    </t>
                    <t t-if="env.pos.delivery_details.delivery_time">
                        Delivery Date : <t t-esc="env.pos.delivery_details.delivery_time || ''"/><br />
                    </t>
                    <t t-if="env.pos.delivery_details.street and env.pos.delivery_details.city">
                        Address : <t t-esc="env.pos.delivery_details.street || ''"/>
                            <t t-esc="env.pos.delivery_details.street2 || ''"/>
                            <t t-esc="env.pos.delivery_details.city || ''"/>
                            <t t-esc="env.pos.delivery_details.zip || ''"/><br />
                    </t>
                    <t t-else="">
                        Address : <t t-esc="env.pos.get_order().get_client().address|| ''"/><br />
                    </t>
                    <br />
                </div>
            </t>
        </xpath>
    </t>

    <t t-name="FloorScreen" t-inherit="pos_restaurant.FloorScreen" t-inherit-mode="extension" owl="1">
        <xpath expr="//div[hasclass('floor-map')]" t-operation="after">
            <div class="row">
                <div class="col-xs-4 show_delivery_buttons_floor">
<!--                    <t t-if="env.pos.config.floor_parcel">-->
                    <!--                       <button class="take_away_button" id="take_away_button">-->
                    <!--                            Take Away-->
                    <!--                        </button>-->
                    <!--                    </t>-->
                    <t t-if="env.pos.config.floor_home_delivery">
                       <button class="home_delivery_button" t-on-click.stop="trigger('click-home-delivery')">
                            Home Delivery
                       </button>
                    </t>
                </div>
            </div>
        </xpath>
    </t>

    <t t-name="ClientDetailsEdit" t-inherit="point_of_sale.ClientDetailsEdit" t-inherit-mode="extension" owl="1">
        <xpath expr="//div[hasclass('client-details-left')]" position="inside">
            <div class="client-detail">
                <span class="label">Zone</span>
<!--                <t t-esc="env.pos.zones"/>-->
                <select class="detail client-address-zone needsclick" name="zone_configuration_id"
                        t-on-change="captureChange">
                    <option value="">None</option>
                    <t t-foreach="env.pos.zones" t-as="zone" t-key="zone_configuration_id">
                        <option t-att-value="zone.id"
                                t-att-selected="props.partner.zone_configuration_id ? ((zone.id === props.partner.zone_configuration_id[0]) ? true : undefined) : undefined">
                            <t t-esc="zone.name" />
                        </option>
                    </t>
                </select>
            </div>
        </xpath>
    </t>

</templates>
